{"data":[{"id":"dea43e9c1ef842c781cce84de3792002","namespace":"pd3","clazz":"ENTITLEMENT","type":"DURABLE","status":"ACTIVE","sku":"pd3_steam_cosmetic_suit_premiumsuit_preorder","userId":"","itemId":"dea43e9c1ef842c781cce84de3792004","itemNamespace":"pd3","name":"Premium Suit - Preorder - Steam","source":"REWARD","grantedAt":"2023-09-18T16:06:25.173Z","createdAt":"2023-09-18T16:06:25.173Z","updatedAt":"2023-09-18T16:06:25.173Z"},{"id":"5b65aab6f6354c66aea0da248e9452d1","namespace":"pd3","clazz":"ENTITLEMENT","type":"DURABLE","status":"ACTIVE","sku":"pd3_cosmetic_accessory_gloves_preorder","userId":"","itemId":"5b65aab6f6354c66aea0da248e9452d6","itemNamespace":"pd3","name":"Gloves - Preorder","source":"REWARD","grantedAt":"2023-09-18T16:06:25.173Z","createdAt":"2023-09-18T16:06:25.173Z","updatedAt":"2023-09-18T16:06:25.173Z"},{"id":"e8a13085ff9543cd9976c6e275197cb1","namespace":"pd3","clazz":"ENTITLEMENT","type":"DURABLE","status":"ACTIVE","sku":"pd3_cosmetic_mask_premium_preorder","userId":"","itemId":"e8a13085ff9543cd9976c6e275197cbd","itemNamespace":"pd3","name":"Premium Mask - Preorder","source":"REWARD","grantedAt":"2023-09-18T16:06:25.173Z","createdAt":"2023-09-18T16:06:25.173Z","updatedAt":"2023-09-18T16:06:25.173Z"},{"id":"e29db70296e14583a91a9126d363d781","namespace":"pd3","clazz":"ENTITLEMENT","type":"DURABLE","status":"ACTIVE","sku":"PD3_steam_trifecta_lootbag","userId":"","itemId":"e29db70296e14583a91a9126d363d780","itemNamespace":"pd3","name":"Trifecta Lootbag Bundle Steam","source":"REWARD","grantedAt":"2023-09-18T16:06:25.173Z","createdAt":"2023-09-18T16:06:25.173Z","updatedAt":"2023-09-18T16:06:25.173Z"},{"id":"6221840f6dc94ac18ca54e4a2962a4b2","namespace":"pd3","clazz":"ENTITLEMENT","type":"DURABLE","status":"ACTIVE","sku":"pd3_steam_cosmetic_mask_premium7","userId":"","itemId":"6221840f6dc94ac18ca54e4a2962a4b3","itemNamespace":"pd3","name":"Premium Steam Mask 7","source":"REWARD","grantedAt":"2023-09-18T16:06:25.173Z","createdAt":"2023-09-18T16:06:25.173Z","updatedAt":"2023-09-18T16:06:25.173Z"},{"id":"d02054037d174688ab9b27514e6e3541","namespace":"pd3","clazz":"ENTITLEMENT","type":"DURABLE","status":"ACTIVE","sku":"PD3_steam_collectors_edition_masks","userId":"","itemId":"d02054037d174688ab9b27514e6e3548","itemNamespace":"pd3","name":"Collectors Edition Masks Steam","source":"REWARD","grantedAt":"2023-09-18T16:06:25.173Z","createdAt":"2023-09-18T16:06:25.173Z","updatedAt":"2023-09-18T16:06:25.173Z"},{"id":"668da63985ca46d381195bdb827ba1ab","namespace":"pd3","clazz":"ENTITLEMENT","type":"DURABLE","status":"ACTIVE","sku":"pd3_cosmetic_mask_premium_silveredition","userId":"","itemId":"668da63985ca46d381195bdb827ba1aa","itemNamespace":"pd3","name":"Premium Mask - Silver Edition","source":"REWARD","grantedAt":"2023-09-18T16:06:25.173Z","createdAt":"2023-09-18T16:06:25.173Z","updatedAt":"2023-09-18T16:06:25.173Z"},{"id":"f30a96c01c54492fb648f130106160db","namespace":"pd3","clazz":"ENTITLEMENT","type":"DURABLE","status":"ACTIVE","sku":"pd3_cosmetic_accessory_gloves_goldedition","userId":"","itemId":"f30a96c01c54492fb648f130106160da","itemNamespace":"pd3","name":"Gloves - Gold Edition","source":"REWARD","grantedAt":"2023-09-18T16:06:25.173Z","createdAt":"2023-09-18T16:06:25.173Z","updatedAt":"2023-09-18T16:06:25.173Z"},{"id":"a3fe3060f0c4c6b79b88a79995bd2688","namespace":"pd3","clazz":"ENTITLEMENT","type":"DURABLE","status":"ACTIVE","sku":"pd3_steam_heist_data_center","userId":"","itemId":"9b3e2be8772e4674bb85dc28f533924e","itemNamespace":"pd3","name":"Heist Data Center Steam","features":[],"source":"OTHER","grantedAt":"2023-12-12T00:00:00.000","createdAt":"2023-12-12T00:00:00.000","updatedAt":"2023-12-12T00:00:00.000"},{"id":"a3fe3060f0c4c6b79b88a79995bd2689","namespace":"pd3","clazz":"ENTITLEMENT","type":"DURABLE","status":"ACTIVE","sku":"pd3_steam_wpn_marksman_fik22_vendor","userId":"","itemId":"e3db751853eb4243b797965e6a675e33","itemNamespace":"pd3","name":"Steam Marksman FIK22 - Vendor Item ","features":[],"source":"OTHER","grantedAt":"2023-12-12T00:00:00.000","createdAt":"2023-12-12T00:00:00.000","updatedAt":"2023-12-12T00:00:00.000"},{"id":"a3fe3060f0c4c6b79b88a79995bd2681","namespace":"pd3","clazz":"ENTITLEMENT","type":"CONSUMABLE","status":"ACTIVE","sku":"pd3_steam_cosmetic_weapon_charm_dlc1","userId":"","itemId":"db016db364ee4309a33672b370535c6a","itemNamespace":"pd3","name":"Steam Weapon Charm DLC1","features":[],"useCount":1,"source":"OTHER","stackable":true,"grantedAt":"2023-12-12T00:00:00.000","createdAt":"2023-12-12T00:00:00.000","updatedAt":"2023-12-12T00:00:00.000"},{"id":"a3fe3060f0c4c6b79b88a79995bd2682","namespace":"pd3","clazz":"ENTITLEMENT","type":"DURABLE","status":"ACTIVE","sku":"pd3_steam_wpn_smg_war45_vendor","userId":"","itemId":"76fb37baed294bb8a8bb1d8a7220d029","itemNamespace":"pd3","name":"Steam SMG WAR45 - Vendor Item","features":[],"source":"OTHER","grantedAt":"2023-12-12T00:00:00.000","createdAt":"2023-12-12T00:00:00.000","updatedAt":"2023-12-12T00:00:00.000"},{"id":"a3fe3060f0c4c6b79b88a79995bd2683","namespace":"pd3","clazz":"ENTITLEMENT","type":"DURABLE","status":"ACTIVE","sku":"pd3_steam_wpn_shotgun_fsa12_vendor","userId":"","itemId":"6c23ab06ee8840f2902cdc0d32266f18","itemNamespace":"pd3","name":"Steam Shotgun FSA12 - Vendor Item","features":[],"source":"OTHER","grantedAt":"2023-12-12T00:00:00.000","createdAt":"2023-12-12T00:00:00.000","updatedAt":"2023-12-12T00:00:00.000"},{"id":"a3fe3060f0c4c6b79b88a79995bd2684","namespace":"pd3","clazz":"ENTITLEMENT","type":"CONSUMABLE","status":"ACTIVE","sku":"pd3_steam_cosmetic_weapon_sticker_dlc1","userId":"","itemId":"40871e8526f84829b96a25313ea213d3","itemNamespace":"pd3","name":"Steam Weapon Sticker DLC1","features":[],"useCount":1,"source":"OTHER","stackable":true,"grantedAt":"2023-12-12T00:00:00.000","createdAt":"2023-12-12T00:00:00.000","updatedAt":"2023-12-12T00:00:00.000"},{"id":"a3fe3060f0c4c6b79b88a79995bd2685","namespace":"pd3","clazz":"ENTITLEMENT","type":"DURABLE","status":"ACTIVE","sku":"steam_pd3_cosmetic_tailorpack_01_gloves_03","userId":"","itemId":"ee40557578cc430aa08837d79d17b3b5","itemNamespace":"pd3","name":"Steam Tailor pack 01 gloves 03","features":[],"source":"OTHER","grantedAt":"2023-12-12T00:00:00.000","createdAt":"2023-12-12T00:00:00.000","updatedAt":"2023-12-12T00:00:00.000"},{"id":"a3fe3060f0c4c6b79b88a79995bd2686","namespace":"pd3","clazz":"ENTITLEMENT","type":"DURABLE","status":"ACTIVE","sku":"pd3_steam_cosmetic_tailorpack_01_suit_03","userId":"","itemId":"eb9eddc16a6b421f80d2c3d2f36229c5","itemNamespace":"pd3","name":"Steam Tailor pack 01 suit 03","features":[],"source":"OTHER","grantedAt":"2023-12-12T00:00:00.000","createdAt":"2023-12-12T00:00:00.000","updatedAt":"2023-12-12T00:00:00.000"},{"id":"a3fe3060f0c4c6b79b88a79995bd2687","namespace":"pd3","clazz":"ENTITLEMENT","type":"DURABLE","status":"ACTIVE","sku":"pd3_steam_cosmetic_tailorpack_01_suit_01","userId":"","itemId":"a5fbc130a37046059af2b93df1496e29","itemNamespace":"pd3","name":"Steam Tailor pack 01 suit 01","features":[],"source":"OTHER","grantedAt":"2023-12-12T00:00:00.000","createdAt":"2023-12-12T00:00:00.000","updatedAt":"2023-12-12T00:00:00.000"},{"id":"a3fe3060f0c4c6b79b88a79995bd2690","namespace":"pd3","clazz":"ENTITLEMENT","type":"DURABLE","status":"ACTIVE","sku":"pd3_steam_cosmetic_tailorpack_01_gloves_03","userId":"","itemId":"8e93faab93644527a7682a49ddb71196","itemNamespace":"pd3","name":"Steam Tailor pack 01 gloves 03","features":[],"source":"OTHER","grantedAt":"2023-12-12T00:00:00.000","createdAt":"2023-12-12T00:00:00.000","updatedAt":"2023-12-12T00:00:00.000"},{"id":"a3fe3060f0c4c6b79b88a79995bd2691","namespace":"pd3","clazz":"ENTITLEMENT","type":"DURABLE","status":"ACTIVE","sku":"pd3_steam_cosmetic_tailorpack_01_mask_02","userId":"","itemId":"7d4b37f472c040c58a388527579f5704","itemNamespace":"pd3","name":"Steam Tailor pack 01 mask 02","features":[],"source":"OTHER","grantedAt":"2023-12-12T00:00:00.000","createdAt":"2023-12-12T00:00:00.000","updatedAt":"2023-12-12T00:00:00.000"},{"id":"a3fe3060f0c4c6b79b88a79995bd2692","namespace":"pd3","clazz":"ENTITLEMENT","type":"DURABLE","status":"ACTIVE","sku":"pd3_steam_cosmetic_tailorpack_01_suit_02","userId":"","itemId":"57596dc1166e4cc7933f0f866d39872d","itemNamespace":"pd3","name":"Steam Tailor pack 01 suit 02","features":[],"source":"OTHER","grantedAt":"2023-12-12T00:00:00.000","createdAt":"2023-12-12T00:00:00.000","updatedAt":"2023-12-12T00:00:00.000"},{"id":"a3fe3060f0c4c6b79b88a79995bd2693","namespace":"pd3","clazz":"ENTITLEMENT","type":"DURABLE","status":"ACTIVE","sku":"pd3_steam_cosmetic_tailorpack_01_mask_04","userId":"","itemId":"47f3fb495bb944a68230e21759b29ee9","itemNamespace":"pd3","name":"Steam Tailor pack 01 mask 04 ","features":[],"source":"OTHER","grantedAt":"2023-12-12T00:00:00.000","createdAt":"2023-12-12T00:00:00.000","updatedAt":"2023-12-12T00:00:00.000"},{"id":"a3fe3060f0c4c6b79b88a79995bd2694","namespace":"pd3","clazz":"ENTITLEMENT","type":"DURABLE","status":"ACTIVE","sku":"pd3_steam_cosmetic_tailorpack_01_gloves_02","userId":"","itemId":"46093ee8374149a3a213d8e71c6eb133","itemNamespace":"pd3","name":"Steam Tailor pack 01 gloves 02","features":[],"source":"OTHER","grantedAt":"2023-12-12T00:00:00.000","createdAt":"2023-12-12T00:00:00.000","updatedAt":"2023-12-12T00:00:00.000"},{"id":"a3fe3060f0c4c6b79b88a79995bd2695","namespace":"pd3","clazz":"ENTITLEMENT","type":"DURABLE","status":"ACTIVE","sku":"pd3_steam_cosmetic_tailorpack_01_mask_03","userId":"","itemId":"36d2557e1a344a62bb52c52201eaa1bc","itemNamespace":"pd3","name":"Steam Tailor pack 01 mask 03","features":[],"source":"OTHER","grantedAt":"2023-12-12T00:00:00.000","createdAt":"2023-12-12T00:00:00.000","updatedAt":"2023-12-12T00:00:00.000"},{"id":"a3fe3060f0c4c6b79b88a79995bd2696","namespace":"pd3","clazz":"ENTITLEMENT","type":"DURABLE","status":"ACTIVE","sku":"pd3_steam_cosmetic_tailorpack_01_mask_01","userId":"","itemId":"3030cd162d6b47ccad5e44403ccc7b35","itemNamespace":"pd3","name":"Steam Tailor pack 01 mask 01","features":[],"source":"OTHER","grantedAt":"2023-12-12T00:00:00.000","createdAt":"2023-12-12T00:00:00.000","updatedAt":"2023-12-12T00:00:00.000"},{"id":"a3fe3060f0c4c6b79b88a79995bd2697","namespace":"pd3","clazz":"ENTITLEMENT","type":"DURABLE","status":"ACTIVE","sku":"pd3_steam_cosmetic_tailorpack_01_gloves_04","userId":"","itemId":"2d5b8b20c9a94614bc0a14921e570930","itemNamespace":"pd3","name":"Steam Tailor pack 01 gloves 04","features":[],"source":"OTHER","grantedAt":"2023-12-12T00:00:00.000","createdAt":"2023-12-12T00:00:00.000","updatedAt":"2023-12-12T00:00:00.000"},{"id":"a3fe3060f0c4c6b79b88a79995bd2698","namespace":"pd3","clazz":"ENTITLEMENT","type":"DURABLE","status":"ACTIVE","sku":"pd3_steam_cosmetic_tailorpack_01_gloves_01","userId":"","itemId":"1cbbb9441d8b4b0c90dc1ccc788f513d","itemNamespace":"pd3","name":"Steam Tailor pack 01 gloves 01","features":[],"source":"OTHER","grantedAt":"2023-12-12T00:00:00.000","createdAt":"2023-12-12T00:00:00.000","updatedAt":"2023-12-12T00:00:00.000"},{"id":"a3fe3060f0c4c6b79b88a79995bd2699","namespace":"pd3","clazz":"ENTITLEMENT","type":"DURABLE","status":"ACTIVE","sku":"pd3_steam_cosmetic_tailorpack_01_suit_04","userId":"","itemId":"09d5e836e5a041d7a73d5e4a6782d12b","itemNamespace":"pd3","name":"Steam Tailor pack 01 suit 04","features":[],"source":"OTHER","grantedAt":"2023-12-12T00:00:00.000","createdAt":"2023-12-12T00:00:00.000","updatedAt":"2023-12-12T00:00:00.000"},{"id":"86cd4fe13b8643daa9027ecaeb2d29ef","namespace":"pd3","clazz":"ENTITLEMENT","type":"DURABLE","status":"ACTIVE","sku":"pd3_steam_wpn_smg_atk7_vendor","userId":"","itemId":"d778f54c44534d94880cc6a5715959b3","itemNamespace":"pd3","name":"Steam SMG ATK7 - Vendor Item ","features":[],"source":"OTHER","grantedAt":"2024-01-01T00:00:00.683Z","createdAt":"2024-01-01T00:00:00.683Z","updatedAt":"2024-01-01T00:00:00.684Z"},{"id":"01db29afe51c43858c71b441ca0b88d8","namespace":"pd3","clazz":"ENTITLEMENT","type":"DURABLE","status":"ACTIVE","sku":"pd3_steam_wpn_revolver_bullkick500_vendor","userId":"","itemId":"a6ffc9ea535945ef8dd71ff6ab2a1987","itemNamespace":"pd3","name":"Steam Revolver Bullkick500 - Vendor Item ","features":[],"source":"OTHER","grantedAt":"2024-01-01T00:00:00.676Z","createdAt":"2024-01-01T00:00:00.675Z","updatedAt":"2024-01-01T00:00:00.676Z"},{"id":"66920add66ac4f23a40b7c27cbd8ea20","namespace":"pd3","clazz":"ENTITLEMENT","type":"CONSUMABLE","status":"ACTIVE","sku":"pd3_steam_cosmetic_weapon_charm_dlc2","userId":"","itemId":"95cb14c956d44810b6a494017c2a4655","itemNamespace":"pd3","name":"Steam Weapon Charm DLC2","features":[],"useCount":1,"source":"OTHER","stackable":true,"grantedAt":"2024-01-01T00:00:00.668Z","createdAt":"2024-01-01T00:00:00.668Z","updatedAt":"2024-01-01T00:00:00.669Z"},{"id":"112aed8f3ddd4928a45fc1f329428103","namespace":"pd3","clazz":"ENTITLEMENT","type":"CONSUMABLE","status":"ACTIVE","sku":"pd3_steam_cosmetic_weapon_sticker_dlc2","userId":"","itemId":"3f8e036142d547e48857ad076f40de6a","itemNamespace":"pd3","name":"Steam Weapon Sticker DLC2","features":[],"useCount":1,"source":"OTHER","stackable":true,"grantedAt":"2024-01-01T00:00:00.653Z","createdAt":"2024-01-01T00:00:00.653Z","updatedAt":"2024-01-01T00:00:00.653Z"},{"id":"a130d9ca2b074741bfcfc1839b386124","namespace":"pd3","clazz":"ENTITLEMENT","type":"DURABLE","status":"ACTIVE","sku":"pd3_steam_wpn_assaultrifle_rg5_vendor","userId":"","itemId":"340c23aa3d27499d801a89d1daf917ce","itemNamespace":"pd3","name":"Steam AssaultRifle RG5 - Vendor Item ","features":[],"source":"OTHER","grantedAt":"2024-01-01T00:00:00.645Z","createdAt":"2024-01-01T00:00:00.644Z","updatedAt":"2024-01-01T00:00:00.645Z"},{"id":"5372b8501df74489a5b173d9c06815c5","namespace":"pd3","clazz":"ENTITLEMENT","type":"DURABLE","status":"ACTIVE","sku":"pd3_steam_cosmetic_tailorpack_02_suit_01","userId":"","itemId":"f8a570f007c6499e80056a075b987de9","itemNamespace":"pd3","name":"Steam Tailor pack 02 suit 01","features":[],"source":"OTHER","grantedAt":"2024-01-01T00:00:00.625Z","createdAt":"2024-01-01T00:00:00.625Z","updatedAt":"2024-01-01T00:00:00.625Z"},{"id":"0da9994b53024fd4807fd629365f1010","namespace":"pd3","clazz":"ENTITLEMENT","type":"DURABLE","status":"ACTIVE","sku":"pd3_steam_cosmetic_tailorpack_02_gloves_03","userId":"","itemId":"f0d93dd993de4264bc176e1a3c9e4665","itemNamespace":"pd3","name":"Steam Tailor pack 02 gloves 03","features":[],"source":"OTHER","grantedAt":"2024-01-01T00:00:00.617Z","createdAt":"2024-01-01T00:00:00.617Z","updatedAt":"2024-01-01T00:00:00.617Z"},{"id":"52b6d1093794468b89ac6453ffaf472c","namespace":"pd3","clazz":"ENTITLEMENT","type":"DURABLE","status":"ACTIVE","sku":"pd3_steam_cosmetic_tailorpack_02_mask_01","userId":"","itemId":"f03326c29b8c41d8830cb223fc546fc5","itemNamespace":"pd3","name":"Steam Tailor pack 02 mask 01","features":[],"source":"OTHER","grantedAt":"2024-01-01T00:00:00.610Z","createdAt":"2024-01-01T00:00:00.610Z","updatedAt":"2024-01-01T00:00:00.610Z"},{"id":"a6455bbb1a624dfb91ec8bd289adafaa","namespace":"pd3","clazz":"ENTITLEMENT","type":"DURABLE","status":"ACTIVE","sku":"pd3_steam_cosmetic_tailorpack_02_gloves_04","userId":"","itemId":"deba500d01ad4edd87b61cbaeb9871ea","itemNamespace":"pd3","name":"Steam Tailor pack 02 gloves 04","features":[],"source":"OTHER","grantedAt":"2024-01-01T00:00:00.603Z","createdAt":"2024-01-01T00:00:00.603Z","updatedAt":"2024-01-01T00:00:00.603Z"},{"id":"3670daa1076f48419d029ad84f44c84d","namespace":"pd3","clazz":"ENTITLEMENT","type":"DURABLE","status":"ACTIVE","sku":"pd3_steam_cosmetic_tailorpack_02_mask_03","userId":"","itemId":"db96930d512645238d191f3e379c423a","itemNamespace":"pd3","name":"Steam Tailor pack 02 mask 03","features":[],"source":"OTHER","grantedAt":"2024-01-01T00:00:00.594Z","createdAt":"2024-01-01T00:00:00.594Z","updatedAt":"2024-01-01T00:00:00.595Z"},{"id":"5771496fbcac4d628cc2832d3d468d7e","namespace":"pd3","clazz":"ENTITLEMENT","type":"DURABLE","status":"ACTIVE","sku":"pd3_steam_cosmetic_tailorpack_02_suit_03","userId":"","itemId":"d06db2883e0d4d26ae078f82e40ec5a4","itemNamespace":"pd3","name":"Steam Tailor pack 02 suit 03","features":[],"source":"OTHER","grantedAt":"2024-01-01T00:00:00.587Z","createdAt":"2024-01-01T00:00:00.587Z","updatedAt":"2024-01-01T00:00:00.587Z"},{"id":"9951b5d2b4fe489087aefb25dac4ac59","namespace":"pd3","clazz":"ENTITLEMENT","type":"DURABLE","status":"ACTIVE","sku":"pd3_steam_cosmetic_tailorpack_02_suit_02","userId":"","itemId":"9f189fc992204b73a17ed9d9c07861ff","itemNamespace":"pd3","name":"Steam Tailor pack 02 suit 02","features":[],"source":"OTHER","grantedAt":"2024-01-01T00:00:00.580Z","createdAt":"2024-01-01T00:00:00.580Z","updatedAt":"2024-01-01T00:00:00.581Z"},{"id":"6a7d5f0120564e218d0c5702892f4f9e","namespace":"pd3","clazz":"ENTITLEMENT","type":"DURABLE","status":"ACTIVE","sku":"pd3_steam_cosmetic_tailorpack_02_suit_04","userId":"","itemId":"9d807388b7464a9bafc03b05cc08e6dc","itemNamespace":"pd3","name":"Steam Tailor pack 02 suit 04","features":[],"source":"OTHER","grantedAt":"2024-01-01T00:00:00.573Z","createdAt":"2024-01-01T00:00:00.573Z","updatedAt":"2024-01-01T00:00:00.573Z"},{"id":"8f2c1271105c4da1aba42513516df815","namespace":"pd3","clazz":"ENTITLEMENT","type":"DURABLE","status":"ACTIVE","sku":"pd3_steam_cosmetic_tailorpack_02_gloves_01","userId":"","itemId":"90704d5499664cbcbee0077aa4cee500","itemNamespace":"pd3","name":"Steam Tailor pack 02 gloves 01","features":[],"source":"OTHER","grantedAt":"2024-01-01T00:00:00.565Z","createdAt":"2024-01-01T00:00:00.565Z","updatedAt":"2024-01-01T00:00:00.566Z"},{"id":"17e7ba2282164042b05828178a3a4b13","namespace":"pd3","clazz":"ENTITLEMENT","type":"DURABLE","status":"ACTIVE","sku":"pd3_steam_cosmetic_tailorpack_02_gloves_02","userId":"","itemId":"8a5735aeea2c4d0caee2c08590345ad3","itemNamespace":"pd3","name":"Steam Tailor pack 02 gloves 02","features":[],"source":"OTHER","grantedAt":"2024-01-01T00:00:00.558Z","createdAt":"2024-01-01T00:00:00.558Z","updatedAt":"2024-01-01T00:00:00.558Z"},{"id":"31396f43db48470696e5cda50fbe30ac","namespace":"pd3","clazz":"ENTITLEMENT","type":"DURABLE","status":"ACTIVE","sku":"pd3_steam_cosmetic_tailorpack_02_mask_04","userId":"","itemId":"45aa8cb1b45b4cc0904a64f4cb765574","itemNamespace":"pd3","name":"Steam Tailor pack 02 mask 04","features":[],"source":"OTHER","grantedAt":"2024-01-01T00:00:00.550Z","createdAt":"2024-01-01T00:00:00.550Z","updatedAt":"2024-01-01T00:00:00.551Z"},{"id":"ec85850332694d039d69ac2d4ca889f7","namespace":"pd3","clazz":"ENTITLEMENT","type":"DURABLE","status":"ACTIVE","sku":"pd3_steam_cosmetic_tailorpack_02_mask_02","userId":"","itemId":"2ab11476f72e481aa90c707cbb6163ae","itemNamespace":"pd3","name":"Steam Tailor pack 02 mask 02","features":[],"source":"OTHER","grantedAt":"2024-01-01T00:00:00.543Z","createdAt":"2024-01-01T00:00:00.543Z","updatedAt":"2024-01-01T00:00:00.543Z"},{"id":"debee88687fc40bcbc1a13b94bec8ec7","namespace":"pd3","clazz":"ENTITLEMENT","type":"DURABLE","status":"ACTIVE","sku":"pd3_steam_heist_fort","userId":"","itemId":"ebecba276c3342b481c434da16d69a5f","itemNamespace":"pd3","name":"Heist Fort Steam","features":[],"source":"OTHER","grantedAt":"2024-01-01T00:00:00.521Z","createdAt":"2024-01-01T00:00:00.521Z","updatedAt":"2024-01-01T00:00:00.522Z"},{"id":"e9071149fc0a435f85d6b3de2352657d","namespace":"pd3","clazz":"ENTITLEMENT","type":"DURABLE","status":"ACTIVE","sku":"pd3_character_empress","userId":"","itemId":"740be184430848dcad26f4705de7f5ba","itemNamespace":"pd3","name":"Character Empress","features":[],"source":"REWARD","grantedAt":"2024-07-01T17:13:20.548Z","createdAt":"2024-07-01T17:13:20.548Z","updatedAt":"2024-07-01T17:13:20.548Z"},{"id":"3707a852898a465ca86d9468ce1d6547","namespace":"pd3","clazz":"ENTITLEMENT","type":"DURABLE","status":"ACTIVE","sku":"pd3_steam_cosmetic_suit_premiumsuit3","userId":"","itemId":"f5da11e73a134035bf42572ab6419e82","itemNamespace":"pd3","name":"Premium Suit 3 Steam","features":[],"source":"OTHER","grantedAt":"2024-08-02T10:55:39.545Z","createdAt":"2024-08-02T10:55:39.545Z","updatedAt":"2024-08-02T10:55:39.545Z"},{"id":"63f38d02295c4ca7a0395b80bbeadd85","namespace":"pd3","clazz":"ENTITLEMENT","type":"DURABLE","status":"ACTIVE","sku":"pd3_steam_wpn_preset_p6","userId":"","itemId":"0f76b19ef14f47198a465fdf30cd1b9b","itemNamespace":"pd3","name":"Steam Premium Preset 6 ","features":[],"source":"OTHER","grantedAt":"2024-08-02T10:55:39.545Z","createdAt":"2024-08-02T10:55:39.545Z","updatedAt":"2024-08-02T10:55:39.545Z"},{"id":"8508ac9f036547119461628139df0b9a","namespace":"pd3","clazz":"ENTITLEMENT","type":"DURABLE","status":"ACTIVE","sku":"pd3_steam_cosmetic_suit_premiumsuit5","userId":"","itemId":"f54f210fc10e4600b6b4979d160a4c22","itemNamespace":"pd3","name":"Premium Suit 5 Steam","features":[],"source":"OTHER","grantedAt":"2024-08-02T10:55:39.545Z","createdAt":"2024-08-02T10:55:39.545Z","updatedAt":"2024-08-02T10:55:39.545Z"},{"id":"d5c893faf06c462b9b26ac850b58e4cd","namespace":"pd3","clazz":"ENTITLEMENT","type":"DURABLE","status":"ACTIVE","sku":"pd3_steam_cosmetic_suit_premiumsuit1","userId":"","itemId":"b094b5c69b45493d96f0ae24ffe8a680","itemNamespace":"pd3","name":"Premium Suit 1 Steam","features":[],"source":"OTHER","grantedAt":"2024-08-02T10:55:39.545Z","createdAt":"2024-08-02T10:55:39.545Z","updatedAt":"2024-08-02T10:55:39.545Z"},{"id":"51867c15b3504318bf478620381ff74a","namespace":"pd3","clazz":"ENTITLEMENT","type":"DURABLE","status":"ACTIVE","sku":"pd3_steam_cosmetic_suit_premiumsuit6","userId":"","itemId":"6d6586d7d50641dc9d0e6c5d5b8cb127","itemNamespace":"pd3","name":"Premium Suit 6 Steam","features":[],"source":"OTHER","grantedAt":"2024-08-02T10:55:39.545Z","createdAt":"2024-08-02T10:55:39.545Z","updatedAt":"2024-08-02T10:55:39.545Z"},{"id":"f50376e48d954c718ef2fe483d54cf05","namespace":"pd3","clazz":"ENTITLEMENT","type":"DURABLE","status":"ACTIVE","sku":"pd3_steam_cosmetic_suit_premiumsuit2","userId":"","itemId":"527d86c04d1d4bc6b0b74ecf51634419","itemNamespace":"pd3","name":"Premium Suit 2 Steam","features":[],"source":"OTHER","grantedAt":"2024-08-02T10:55:39.545Z","createdAt":"2024-08-02T10:55:39.545Z","updatedAt":"2024-08-02T10:55:39.545Z"},{"id":"266ed08dc0cc4d388227c5672aba0ec2","namespace":"pd3","clazz":"ENTITLEMENT","type":"DURABLE","status":"ACTIVE","sku":"pd3_steam_wpn_preset_p2","userId":"","itemId":"89e11787fd6b4f92b0d0c94420fce90f","itemNamespace":"pd3","name":"Steam Premium Preset 2 ","features":[],"source":"OTHER","grantedAt":"2024-08-02T10:55:39.545Z","createdAt":"2024-08-02T10:55:39.545Z","updatedAt":"2024-08-02T10:55:39.545Z"},{"id":"77428e1fa7ad470995c3fed7e9baefb1","namespace":"pd3","clazz":"ENTITLEMENT","type":"DURABLE","status":"ACTIVE","sku":"pd3_steam_wpn_preset_p4","userId":"","itemId":"c955ffd69801458993e0dae544cc4512","itemNamespace":"pd3","name":"Steam Premium Preset 4","features":[],"source":"OTHER","grantedAt":"2024-08-02T10:55:39.545Z","createdAt":"2024-08-02T10:55:39.545Z","updatedAt":"2024-08-02T10:55:39.545Z"},{"id":"0e42fa1e2c5042d1becc4d3d4e9af7f7","namespace":"pd3","clazz":"ENTITLEMENT","type":"DURABLE","status":"ACTIVE","sku":"pd3_steam_wpn_preset_p11","userId":"","itemId":"743513636be44e2cbd8fbc4cf3b99d60","itemNamespace":"pd3","name":"Steam Premium Preset 11","features":[],"source":"OTHER","grantedAt":"2024-08-02T10:55:39.545Z","createdAt":"2024-08-02T10:55:39.545Z","updatedAt":"2024-08-02T10:55:39.545Z"},{"id":"515441c2d48246d19720a52b27ce91d3","namespace":"pd3","clazz":"ENTITLEMENT","type":"DURABLE","status":"ACTIVE","sku":"pd3_heist_didi","userId":"","itemId":"e83972745a774d30b12f849143c3bf54","itemNamespace":"pd3","name":"Heist Diamond District","features":[],"source":"REWARD","grantedAt":"2024-08-19T17:49:28.936Z","createdAt":"2024-08-19T17:49:28.936Z","updatedAt":"2024-08-19T17:49:28.936Z"},{"id":"acdb9bffc21e4a31bca342ee581a5950","namespace":"pd3","clazz":"ENTITLEMENT","type":"DURABLE","status":"ACTIVE","sku":"pd3_steam_heist_chus","userId":"","itemId":"85ec3e3656cf475ca514d4c3039cd739","itemNamespace":"pd3","name":"Heist Courthouse Steam","features":[],"source":"OTHER","grantedAt":"2024-08-19T17:49:28.936Z","createdAt":"2024-08-19T17:49:28.936Z","updatedAt":"2024-08-19T17:49:28.936Z"},{"id":"9c5aaf119b1341629575568fe2fcdd01","namespace":"pd3","clazz":"ENTITLEMENT","type":"DURABLE","status":"ACTIVE","sku":"pd3_steam_wpn_shotgun_m7p_vendor","userId":"","itemId":"3ca30e8dc1834049ba9a949fc80365ad","itemNamespace":"pd3","name":"Steam Shotgun M7P - Vendor Item","features":[],"source":"OTHER","grantedAt":"2024-08-19T17:49:28.936Z","createdAt":"2024-08-19T17:49:28.936Z","updatedAt":"2024-08-19T17:49:28.936Z"},{"id":"92b50404b7764d608eae9f478f34bccc","namespace":"pd3","clazz":"ENTITLEMENT","type":"DURABLE","status":"ACTIVE","sku":"pd3_steam_wpn_assaultrifle_chs3_vendor","userId":"","itemId":"bd740bf3419744bd88cf7cccd7ba5719","itemNamespace":"pd3","name":"Steam AssaultRifle CHS3 - Vendor Item","features":[],"source":"OTHER","grantedAt":"2024-08-19T17:49:28.936Z","createdAt":"2024-08-19T17:49:28.936Z","updatedAt":"2024-08-19T17:49:28.936Z"},{"id":"4fb9ec29e1ef4614807988123f074478","namespace":"pd3","clazz":"ENTITLEMENT","type":"DURABLE","status":"ACTIVE","sku":"pd3_steam_wpn_pistol_pd5_vendor","userId":"","itemId":"e6d78c3ab78c4716b66f833666f17d3b","itemNamespace":"pd3","name":"Steam Pistol PD5 - Vendor Item","features":[],"source":"OTHER","grantedAt":"2024-08-19T17:49:28.936Z","createdAt":"2024-08-19T17:49:28.936Z","updatedAt":"2024-08-19T17:49:28.936Z"},{"id":"9c51e252100d4ae7b890a3cfb45eb105","namespace":"pd3","clazz":"ENTITLEMENT","type":"DURABLE","status":"ACTIVE","sku":"pd3_steam_cosmetics_suit_dlc03_01","userId":"","itemId":"80580e1c1fb04f36bc4c32cb3c00c792","itemNamespace":"pd3","name":"Steam Tailor Pack 03 Suit 01","features":[],"source":"OTHER","grantedAt":"2024-08-19T17:49:28.936Z","createdAt":"2024-08-19T17:49:28.936Z","updatedAt":"2024-08-19T17:49:28.936Z"},{"id":"363d9a8dd56444efbbab5c61846f6a66","namespace":"pd3","clazz":"ENTITLEMENT","type":"DURABLE","status":"ACTIVE","sku":"pd3_steam_cosmetics_suit_dlc03_02","userId":"","itemId":"fa1f017343754ec5894564dac0c6a946","itemNamespace":"pd3","name":"Steam Tailor Pack 03 Suit 02","features":[],"source":"OTHER","grantedAt":"2024-08-19T17:49:28.936Z","createdAt":"2024-08-19T17:49:28.936Z","updatedAt":"2024-08-19T17:49:28.936Z"},{"id":"fce29a949c874c859bf9e6a121e2ad9f","namespace":"pd3","clazz":"ENTITLEMENT","type":"DURABLE","status":"ACTIVE","sku":"pd3_steam_cosmetics_suit_dlc03_03","userId":"","itemId":"026f174ffb314c5ba06849a1115e5b11","itemNamespace":"pd3","name":"Steam Tailor Pack 03 Suit 03","features":[],"source":"OTHER","grantedAt":"2024-08-19T17:49:28.936Z","createdAt":"2024-08-19T17:49:28.936Z","updatedAt":"2024-08-19T17:49:28.936Z"},{"id":"ba21d88115f942c1914110dd8aff4934","namespace":"pd3","clazz":"ENTITLEMENT","type":"DURABLE","status":"ACTIVE","sku":"pd3_steam_cosmetics_suit_dlc03_04","userId":"","itemId":"08554a9f99054b469207aceb6a0400e8","itemNamespace":"pd3","name":"Steam Tailor Pack 03 Suit 04","features":[],"source":"OTHER","grantedAt":"2024-08-19T17:49:28.936Z","createdAt":"2024-08-19T17:49:28.936Z","updatedAt":"2024-08-19T17:49:28.936Z"},{"id":"b46cde104b1045a7b356c9837b97f47e","namespace":"pd3","clazz":"ENTITLEMENT","type":"DURABLE","status":"ACTIVE","sku":"pd3_steam_cosmetics_mask_dlc03_01","userId":"","itemId":"9a220595045d479c8d5692f5671d0287","itemNamespace":"pd3","name":"Steam Tailor Pack 03 Mask 01","features":[],"source":"OTHER","grantedAt":"2024-08-19T17:49:28.936Z","createdAt":"2024-08-19T17:49:28.936Z","updatedAt":"2024-08-19T17:49:28.936Z"},{"id":"d32d747e83284dcaa22f9eb8646ef9ac","namespace":"pd3","clazz":"ENTITLEMENT","type":"DURABLE","status":"ACTIVE","sku":"pd3_steam_cosmetics_mask_dlc03_02","userId":"","itemId":"91b3682e77ca4ca690a991d38a6ed153","itemNamespace":"pd3","name":"Steam Tailor Pack 03 Mask 02","features":[],"source":"OTHER","grantedAt":"2024-08-19T17:49:28.936Z","createdAt":"2024-08-19T17:49:28.936Z","updatedAt":"2024-08-19T17:49:28.936Z"},{"id":"98045fec367f4f42806f2325131a5dfc","namespace":"pd3","clazz":"ENTITLEMENT","type":"DURABLE","status":"ACTIVE","sku":"pd3_steam_cosmetics_mask_dlc03_03","userId":"","itemId":"e625aa9d84e4454dbde2334931736579","itemNamespace":"pd3","name":"Steam Tailor Pack 03 Mask 03","features":[],"source":"OTHER","grantedAt":"2024-08-19T17:49:28.936Z","createdAt":"2024-08-19T17:49:28.936Z","updatedAt":"2024-08-19T17:49:28.936Z"},{"id":"a29bb0fe27f442f5b90c42166cda73bd","namespace":"pd3","clazz":"ENTITLEMENT","type":"DURABLE","status":"ACTIVE","sku":"pd3_steam_cosmetics_mask_dlc03_04","userId":"","itemId":"ba5e801d46da4ab1a60fa33dafff9ec5","itemNamespace":"pd3","name":"Steam Tailor Pack 03 Mask 04","features":[],"source":"OTHER","grantedAt":"2024-08-19T17:49:28.936Z","createdAt":"2024-08-19T17:49:28.936Z","updatedAt":"2024-08-19T17:49:28.936Z"},{"id":"449c8747f3564b4891135022fee4db2f","namespace":"pd3","clazz":"ENTITLEMENT","type":"DURABLE","status":"ACTIVE","sku":"pd3_steam_cosmetics_gloves_dlc03_01","userId":"","itemId":"18a15306e99343459e5d330724dbec33","itemNamespace":"pd3","name":"Steam Tailor Pack 03 Gloves 01","features":[],"source":"OTHER","grantedAt":"2024-08-19T17:49:28.936Z","createdAt":"2024-08-19T17:49:28.936Z","updatedAt":"2024-08-19T17:49:28.936Z"},{"id":"8970cddb871848cfb54fe983ffdc0a5e","namespace":"pd3","clazz":"ENTITLEMENT","type":"DURABLE","status":"ACTIVE","sku":"pd3_steam_cosmetics_gloves_dlc03_02","userId":"","itemId":"858e1c70c98f40d8b137a0936b38b7a3","itemNamespace":"pd3","name":"Steam Tailor Pack 03 Gloves 02","features":[],"source":"OTHER","grantedAt":"2024-08-19T17:49:28.936Z","createdAt":"2024-08-19T17:49:28.936Z","updatedAt":"2024-08-19T17:49:28.936Z"},{"id":"f695b30d456449f797e1a53c6b5cf940","namespace":"pd3","clazz":"ENTITLEMENT","type":"DURABLE","status":"ACTIVE","sku":"pd3_steam_cosmetics_gloves_dlc03_03","userId":"","itemId":"f79f0b565631405699ae4b832fe7249a","itemNamespace":"pd3","name":"Steam Tailor Pack 03 Gloves 03","features":[],"source":"OTHER","grantedAt":"2024-08-19T17:49:28.936Z","createdAt":"2024-08-19T17:49:28.936Z","updatedAt":"2024-08-19T17:49:28.936Z"},{"id":"263a56d5ce554460a6bd737d10bd4787","namespace":"pd3","clazz":"ENTITLEMENT","type":"DURABLE","status":"ACTIVE","sku":"pd3_steam_cosmetics_gloves_dlc03_04","userId":"","itemId":"6179e403f918453c9ec5bbe63a0aa962","itemNamespace":"pd3","name":"Steam Tailor Pack 03 Gloves 04","features":[],"source":"OTHER","grantedAt":"2024-08-19T17:49:28.936Z","createdAt":"2024-08-19T17:49:28.936Z","updatedAt":"2024-08-19T17:49:28.936Z"},{"id":"71bbad09ffdb40ef8324a60d7275b2a2","namespace":"pd3","clazz":"ENTITLEMENT","type":"CONSUMABLE","status":"ACTIVE","sku":"pd3_steam_cosmetics_weapon_sticker_dlc03_01","userId":"","itemId":"48b8fccda4b24d9d8353ddd0ae1dcce2","itemNamespace":"pd3","name":"Steam DLC03 Weapon Sticker 01","features":[],"useCount":1,"source":"OTHER","stackable":true,"grantedAt":"2024-08-19T17:49:28.936Z","createdAt":"2024-08-19T17:49:28.936Z","updatedAt":"2024-08-19T17:49:28.936Z"},{"id":"f1d2b57097f4400aa859063c7fed799a","namespace":"pd3","clazz":"ENTITLEMENT","type":"CONSUMABLE","status":"ACTIVE","sku":"pd3_steam_cosmetics_weapon_Charm_dlc03_01","userId":"","itemId":"2ae83ec0a3e64f30b368ea8f80c5b17d","itemNamespace":"pd3","name":"Steam DLC03 Weapon Charm 01","features":[],"useCount":1,"source":"OTHER","stackable":true,"grantedAt":"2024-08-19T17:49:28.936Z","createdAt":"2024-08-19T17:49:28.936Z","updatedAt":"2024-08-19T17:49:28.936Z"},{"id":"08e0faa9ad22491f8611a1f9b6c514fa","namespace":"pd3","clazz":"ENTITLEMENT","type":"DURABLE","status":"ACTIVE","sku":"pd3_steam_cosmetics_mask_dlc04_04","userId":"","itemId":"f8abcb38cf314c36abf547109d10f453","itemNamespace":"pd3","name":"Steam Tailor Pack 04 Mask 04","features":[],"source":"OTHER","grantedAt":"2024-09-01T00:00:00.191Z","createdAt":"2024-09-01T00:00:00.191Z","updatedAt":"2024-09-01T00:00:00.191Z"},{"id":"1c44c377d56f4b878d8d1f5ab3180b09","namespace":"pd3","clazz":"ENTITLEMENT","type":"DURABLE","status":"ACTIVE","sku":"pd3_steam_cosmetics_mask_dlc04_02","userId":"","itemId":"f82c5fbf7eab4f64822140cd2274627b","itemNamespace":"pd3","name":"Steam Tailor Pack 04 Mask 02","features":[],"source":"OTHER","grantedAt":"2024-09-01T00:00:00.185Z","createdAt":"2024-09-01T00:00:00.185Z","updatedAt":"2024-09-01T00:00:00.185Z"},{"id":"f9603030ec774f959f35a94c0ac904b3","namespace":"pd3","clazz":"ENTITLEMENT","type":"DURABLE","status":"ACTIVE","sku":"pd3_steam_cosmetics_gloves_dlc04_02","userId":"","itemId":"efee9f57cfc94039b96df40c8e4afc7b","itemNamespace":"pd3","name":"Steam Tailor Pack 04 Gloves 02","features":[],"source":"OTHER","grantedAt":"2024-09-01T00:00:00.178Z","createdAt":"2024-09-01T00:00:00.178Z","updatedAt":"2024-09-01T00:00:00.178Z"},{"id":"2406a5e5d02e49e78e6355ab2a4adf0d","namespace":"pd3","clazz":"ENTITLEMENT","type":"DURABLE","status":"ACTIVE","sku":"pd3_steam_cosmetics_gloves_dlc04_01","userId":"","itemId":"db4b3588ef3643df90a152afee6eea7e","itemNamespace":"pd3","name":"Steam Tailor Pack 04 Gloves 01","features":[],"source":"OTHER","grantedAt":"2024-09-01T00:00:00.171Z","createdAt":"2024-09-01T00:00:00.171Z","updatedAt":"2024-09-01T00:00:00.171Z"},{"id":"6c610251537e4509b25c204b008012fb","namespace":"pd3","clazz":"ENTITLEMENT","type":"DURABLE","status":"ACTIVE","sku":"pd3_steam_cosmetics_mask_dlc04_01","userId":"","itemId":"b478cc3085944b94ad6e6c48eebfdee4","itemNamespace":"pd3","name":"Steam Tailor Pack 04 Mask 01","features":[],"source":"OTHER","grantedAt":"2024-09-01T00:00:00.164Z","createdAt":"2024-09-01T00:00:00.164Z","updatedAt":"2024-09-01T00:00:00.164Z"},{"id":"8d3de564af5346cfa3e120fa32f60320","namespace":"pd3","clazz":"ENTITLEMENT","type":"DURABLE","status":"ACTIVE","sku":"pd3_steam_cosmetics_gloves_dlc04_04","userId":"","itemId":"b45c4b6eb98b4797a1b2cc53498c5ddc","itemNamespace":"pd3","name":"Steam Tailor Pack 04 Gloves 04","features":[],"source":"OTHER","grantedAt":"2024-09-01T00:00:00.157Z","createdAt":"2024-09-01T00:00:00.157Z","updatedAt":"2024-09-01T00:00:00.158Z"},{"id":"16b3dd089c224deda0f8a87656285bce","namespace":"pd3","clazz":"ENTITLEMENT","type":"DURABLE","status":"ACTIVE","sku":"pd3_steam_cosmetics_mask_dlc04_03","userId":"","itemId":"a3a5910706984b3b9591b5caf43e099b","itemNamespace":"pd3","name":"Steam Tailor Pack 04 Mask 03","features":[],"source":"OTHER","grantedAt":"2024-09-01T00:00:00.150Z","createdAt":"2024-09-01T00:00:00.150Z","updatedAt":"2024-09-01T00:00:00.150Z"},{"id":"32dbbd5c617b46a3a29abcdc9c5074ca","namespace":"pd3","clazz":"ENTITLEMENT","type":"DURABLE","status":"ACTIVE","sku":"pd3_steam_cosmetics_suit_dlc04_01","userId":"","itemId":"9fe470c9e9194c43961ea3debd0d47f3","itemNamespace":"pd3","name":"Steam Tailor Pack 04 Suit 01","features":[],"source":"OTHER","grantedAt":"2024-09-01T00:00:00.142Z","createdAt":"2024-09-01T00:00:00.142Z","updatedAt":"2024-09-01T00:00:00.143Z"},{"id":"87bcca4218ff44a38b61975dcadddcea","namespace":"pd3","clazz":"ENTITLEMENT","type":"DURABLE","status":"ACTIVE","sku":"pd3_steam_cosmetics_suit_dlc04_02","userId":"","itemId":"857bb026e48543b3a8d68c1feeb81065","itemNamespace":"pd3","name":"Steam Tailor Pack 04 Suit 02","features":[],"source":"OTHER","grantedAt":"2024-09-01T00:00:00.136Z","createdAt":"2024-09-01T00:00:00.136Z","updatedAt":"2024-09-01T00:00:00.136Z"},{"id":"c04ee0e95b0048ac8c2b516046056e37","namespace":"pd3","clazz":"ENTITLEMENT","type":"DURABLE","status":"ACTIVE","sku":"pd3_steam_cosmetics_suit_dlc04_03","userId":"","itemId":"6660ed75c59f451ebb0ecfbebb2f8ddb","itemNamespace":"pd3","name":"Steam Tailor Pack 04 Suit 03","features":[],"source":"OTHER","grantedAt":"2024-09-01T00:00:00.130Z","createdAt":"2024-09-01T00:00:00.130Z","updatedAt":"2024-09-01T00:00:00.130Z"},{"id":"a4de19c7c14e4823a8de8b17a23aae90","namespace":"pd3","clazz":"ENTITLEMENT","type":"DURABLE","status":"ACTIVE","sku":"pd3_steam_cosmetics_suit_dlc04_04","userId":"","itemId":"2c88228ac05f4a858f39e1a1b9421b7f","itemNamespace":"pd3","name":"Steam Tailor Pack 04 Suit 04","features":[],"source":"OTHER","grantedAt":"2024-09-01T00:00:00.123Z","createdAt":"2024-09-01T00:00:00.123Z","updatedAt":"2024-09-01T00:00:00.123Z"},{"id":"f1a2e42033f64476a75963bae679119e","namespace":"pd3","clazz":"ENTITLEMENT","type":"DURABLE","status":"ACTIVE","sku":"pd3_steam_cosmetics_gloves_dlc04_03","userId":"","itemId":"0fe1dacb50f74caf9566292a5e7bcb1d","itemNamespace":"pd3","name":"Steam Tailor Pack 04 Gloves 03","features":[],"source":"OTHER","grantedAt":"2024-09-01T00:00:00.116Z","createdAt":"2024-09-01T00:00:00.116Z","updatedAt":"2024-09-01T00:00:00.117Z"},{"id":"ae206df3bf274bf7a0d1388a2fdc5829","namespace":"pd3","clazz":"ENTITLEMENT","type":"CONSUMABLE","status":"ACTIVE","sku":"pd3_steam_cosmetics_charm_pp03_01","userId":"","itemId":"ecc4fff1d5724c4a9c44999037b40e2e","itemNamespace":"pd3","name":"Steam Player Pack 03 Weapon Charm 01","features":[],"useCount":1,"source":"OTHER","stackable":true,"grantedAt":"2024-09-01T00:00:00.097Z","createdAt":"2024-09-01T00:00:00.097Z","updatedAt":"2024-09-01T00:00:00.098Z"},{"id":"e6709e3df59248c09b3524c2c47c8092","namespace":"pd3","clazz":"ENTITLEMENT","type":"DURABLE","status":"ACTIVE","sku":"pd3_steam_wpn_preset_star_vendor","userId":"","itemId":"de0d8096485c4426a57eab4b0c717f8b","itemNamespace":"pd3","name":"Steam Star Preset Vendor Item","features":[],"source":"OTHER","grantedAt":"2024-09-01T00:00:00.090Z","createdAt":"2024-09-01T00:00:00.090Z","updatedAt":"2024-09-01T00:00:00.091Z"},{"id":"569a40a801f24ac981768ce8dd90ee6a","namespace":"pd3","clazz":"ENTITLEMENT","type":"DURABLE","status":"ACTIVE","sku":"pd3_steam_cosmetics_mould_pp03_01_vendor","userId":"","itemId":"419a5eef6a204154959bd36a076b24da","itemNamespace":"pd3","name":"Steam Player Pack 03 Mask Mould 01 - Vendor Item","features":[],"source":"OTHER","grantedAt":"2024-09-01T00:00:00.084Z","createdAt":"2024-09-01T00:00:00.084Z","updatedAt":"2024-09-01T00:00:00.084Z"},{"id":"bb4cebad9e334a2a9d068bcb318b7762","namespace":"pd3","clazz":"ENTITLEMENT","type":"DURABLE","status":"ACTIVE","sku":"pd3_steam_character_star","userId":"","itemId":"336b825486b8492aa76796a6737a177e","itemNamespace":"pd3","name":"Steam Character Star","features":[],"source":"OTHER","grantedAt":"2024-09-01T00:00:00.078Z","createdAt":"2024-09-01T00:00:00.078Z","updatedAt":"2024-09-01T00:00:00.078Z"},{"id":"3d9e7facd07f4095830908947b7b3036","namespace":"pd3","clazz":"ENTITLEMENT","type":"DURABLE","status":"ACTIVE","sku":"pd3_steam_wpn_pistol_gv50_vendor","userId":"","itemId":"ca150f0abd634a2aa751753494b16c89","itemNamespace":"pd3","name":"Steam Pistol GV50 - Vendor Item","features":[],"source":"OTHER","grantedAt":"2024-09-01T00:00:00.055Z","createdAt":"2024-09-01T00:00:00.055Z","updatedAt":"2024-09-01T00:00:00.055Z"},{"id":"d7246b3796b345cdbd729db9be939e95","namespace":"pd3","clazz":"ENTITLEMENT","type":"CONSUMABLE","status":"ACTIVE","sku":"pd3_steam_cosmetics_charm_dlc04_01","userId":"","itemId":"519eb121a5d14c0393ad0555251a3466","itemNamespace":"pd3","name":"Steam DLC04  Weapon Charm 01","features":[],"useCount":1,"source":"OTHER","stackable":true,"grantedAt":"2024-09-01T00:00:00.038Z","createdAt":"2024-09-01T00:00:00.038Z","updatedAt":"2024-09-01T00:00:00.038Z"},{"id":"67f7250abfa547c6a4507d3c51128e6f","namespace":"pd3","clazz":"ENTITLEMENT","type":"DURABLE","status":"ACTIVE","sku":"pd3_steam_wpn_pistol_se5_vendor","userId":"","itemId":"4ceded3d0da841b2b7c90276df3d7dbe","itemNamespace":"pd3","name":"Steam Pistol SE5 - Vendor Item","features":[],"source":"OTHER","grantedAt":"2024-09-01T00:00:00.031Z","createdAt":"2024-09-01T00:00:00.031Z","updatedAt":"2024-09-01T00:00:00.031Z"},{"id":"14653552598743218ff0d651f70c5c0b","namespace":"pd3","clazz":"ENTITLEMENT","type":"CONSUMABLE","status":"ACTIVE","sku":"pd3_steam_cosmetics_sticker_dlc04_01","userId":"","itemId":"471c8b51a2794c72a90f7ed082a78e9f","itemNamespace":"pd3","name":"Steam DLC04  Weapon Sticker 01","features":[],"useCount":1,"source":"OTHER","stackable":true,"grantedAt":"2024-09-01T00:00:00.024Z","createdAt":"2024-09-01T00:00:00.024Z","updatedAt":"2024-09-01T00:00:00.025Z"},{"id":"b33920358e344827afb4486e6d21ba0e","namespace":"pd3","clazz":"ENTITLEMENT","type":"DURABLE","status":"ACTIVE","sku":"pd3_steam_wpn_shotgun_tas12_vendor","userId":"","itemId":"11c57563f609414293636b726aa54d18","itemNamespace":"pd3","name":"Steam Shotgun TAS12 - Vendor Item","features":[],"source":"OTHER","grantedAt":"2024-09-01T00:00:00.016Z","createdAt":"2024-09-01T00:00:00.016Z","updatedAt":"2024-09-01T00:00:00.016Z"},{"id":"dde98e75f28e4610b58a7110080b7933","namespace":"pd3","clazz":"ENTITLEMENT","type":"DURABLE","status":"ACTIVE","sku":"pd3_steam_heist_stonk","userId":"","itemId":"454e69fa3cf042139b1d3d1525e94484","itemNamespace":"pd3","name":"Heist Stock Exchange Steam","features":[],"source":"OTHER","grantedAt":"2024-09-01T00:00:00.000Z","createdAt":"2024-09-01T00:00:00.000Z","updatedAt":"2024-09-01T00:00:00.000Z"},{"id":"dde98e75f28e4610b58a7110080b7934","namespace":"pd3","clazz":"ENTITLEMENT","type":"DURABLE","status":"ACTIVE","sku":"pd3_steam_character_fool_01","userId":"","itemId":"7ca30f9324b04892b7283b22a5008d60","itemNamespace":"pd3","name":"Steam Character Fool  01","features":[],"source":"OTHER","grantedAt":"2025-01-01T00:00:00.000Z","createdAt":"2025-01-01T00:00:00.000Z","updatedAt":"2025-01-01T00:00:00.000Z"},{"id":"dde98e75f28e4610b58a7110080b7935","namespace":"pd3","clazz":"ENTITLEMENT","type":"CONSUMABLE","status":"ACTIVE","sku":"pd3_steam_cosmetics_sticker_fool_01","userId":"","itemId":"75b55db65b454db7b05aee6401bd63b8","itemNamespace":"pd3","name":"Steam Sticker Fool  01","features":[],"useCount":1,"source":"OTHER","stackable":true,"grantedAt":"2025-01-01T00:00:00.000Z","createdAt":"2025-01-01T00:00:00.000Z","updatedAt":"2025-01-01T00:00:00.000Z"},{"id":"dde98e75f28e4610b58a7110080b7936","namespace":"pd3","clazz":"ENTITLEMENT","type":"CONSUMABLE","status":"ACTIVE","sku":"pd3_steam_cosmetics_weapon_charm_fool_01","userId":"","itemId":"6b40039231bf406ca635c0fca1f58b17","itemNamespace":"pd3","name":"Steam Weapon Charm Fool  01","features":[],"useCount":1,"source":"OTHER","stackable":true,"grantedAt":"2025-01-01T00:00:00.000Z","createdAt":"2025-01-01T00:00:00.000Z","updatedAt":"2025-01-01T00:00:00.000Z"},{"id":"dde98e75f28e4610b58a7110080b7937","namespace":"pd3","clazz":"ENTITLEMENT","type":"CONSUMABLE","status":"ACTIVE","sku":"pd3_steam_overskill_the_punch","userId":"","itemId":"64a3e2767ded4c2a8e2416aa77d23ffa","itemNamespace":"pd3","name":"Steam Overskill The Punch","features":[],"useCount":1,"source":"OTHER","stackable":true,"grantedAt":"2025-01-01T00:00:00.000Z","createdAt":"2025-01-01T00:00:00.000Z","updatedAt":"2025-01-01T00:00:00.000Z"},{"id":"dde98e75f28e4610b58a7110080b7938","namespace":"pd3","clazz":"ENTITLEMENT","type":"DURABLE","status":"ACTIVE","sku":"pd3_steam_cosmetics_mask_fool_vendor","userId":"","itemId":"60e7ac7201f94d179854c4f709c3cf06","itemNamespace":"pd3","name":"Steam Fool Mask Vendor Item","features":[],"source":"OTHER","grantedAt":"2025-01-01T00:00:00.000Z","createdAt":"2025-01-01T00:00:00.000Z","updatedAt":"2025-01-01T00:00:00.000Z"},{"id":"dde98e75f28e4610b58a7110080b7939","namespace":"pd3","clazz":"ENTITLEMENT","type":"DURABLE","status":"ACTIVE","sku":"pd3_steam_wpn_preset_fool_vendor","userId":"","itemId":"02a49d09ae654f2e870cf09e20785035","itemNamespace":"pd3","name":"Steam Fool Preset vendor Item","features":[],"source":"OTHER","grantedAt":"2025-01-01T00:00:00.000Z","createdAt":"2025-01-01T00:00:00.000Z","updatedAt":"2025-01-01T00:00:00.000Z"},{"id":"c48838134d7f08ab8a67520997333a35","namespace":"pd3","clazz":"ENTITLEMENT","type":"DURABLE","status":"ACTIVE","sku":"pd3_steam_heist_bust","userId":"","itemId":"8770fa7939324382ba36722ca54c36b3","itemNamespace":"pd3","name":"Heist Party Powder Steam","features":[],"source":"OTHER","grantedAt":"2025-05-26T08:03:59.634Z","createdAt":"2025-05-26T08:03:59.634Z","updatedAt":"2025-05-26T08:03:59.634Z"}]}